-- MySQL dump 10.13  Distrib 8.0.36, for Win64 (x86_64)
--
-- Host: localhost    Database: ccfprojet
-- ------------------------------------------------------
-- Server version	8.0.37

/*!40101 SET @OLD_CHARACTER_SET_CLIENT=@@CHARACTER_SET_CLIENT */;
/*!40101 SET @OLD_CHARACTER_SET_RESULTS=@@CHARACTER_SET_RESULTS */;
/*!40101 SET @OLD_COLLATION_CONNECTION=@@COLLATION_CONNECTION */;
/*!50503 SET NAMES utf8 */;
/*!40103 SET @OLD_TIME_ZONE=@@TIME_ZONE */;
/*!40103 SET TIME_ZONE='+00:00' */;
/*!40014 SET @OLD_UNIQUE_CHECKS=@@UNIQUE_CHECKS, UNIQUE_CHECKS=0 */;
/*!40014 SET @OLD_FOREIGN_KEY_CHECKS=@@FOREIGN_KEY_CHECKS, FOREIGN_KEY_CHECKS=0 */;
/*!40101 SET @OLD_SQL_MODE=@@SQL_MODE, SQL_MODE='NO_AUTO_VALUE_ON_ZERO' */;
/*!40111 SET @OLD_SQL_NOTES=@@SQL_NOTES, SQL_NOTES=0 */;

--
-- Table structure for table `animal`
--

DROP TABLE IF EXISTS `animal`;
/*!40101 SET @saved_cs_client     = @@character_set_client */;
/*!50503 SET character_set_client = utf8mb4 */;
CREATE TABLE `animal` (
  `id` int NOT NULL AUTO_INCREMENT,
  `prenom` varchar(50) CHARACTER SET utf8mb4 COLLATE utf8mb4_unicode_ci NOT NULL,
  `etat` varchar(50) CHARACTER SET utf8mb4 COLLATE utf8mb4_unicode_ci NOT NULL,
  `race_id` int NOT NULL,
  `habitat_id` int NOT NULL,
  `description` varchar(1500) COLLATE utf8mb4_unicode_ci NOT NULL,
  `image_name` varchar(255) CHARACTER SET utf8mb4 COLLATE utf8mb4_unicode_ci DEFAULT NULL,
  `updated_at` datetime NOT NULL COMMENT '(DC2Type:datetime_immutable)',
  `vue_count` int NOT NULL,
  PRIMARY KEY (`id`),
  KEY `IDX_6AAB231F6E59D40D` (`race_id`),
  KEY `IDX_6AAB231FAFFE2D26` (`habitat_id`),
  CONSTRAINT `FK_6AAB231F6E59D40D` FOREIGN KEY (`race_id`) REFERENCES `race` (`id`),
  CONSTRAINT `FK_6AAB231FAFFE2D26` FOREIGN KEY (`habitat_id`) REFERENCES `habitat` (`id`)
) ENGINE=InnoDB AUTO_INCREMENT=24 DEFAULT CHARSET=utf8mb4 COLLATE=utf8mb4_unicode_ci;
/*!40101 SET character_set_client = @saved_cs_client */;

--
-- Dumping data for table `animal`
--

LOCK TABLES `animal` WRITE;
/*!40000 ALTER TABLE `animal` DISABLE KEYS */;
INSERT INTO `animal` VALUES (8,'Zebra','En guerison',7,7,'e zèbre des plaines est de taille moyenne, plus petit en moyenne que le zèbre de Grévy, mais plus grand que le zèbre de montagne, épais avec des pattes relativement courtes.','zebre-6683bc8d05a04064997793.jpg','2024-07-02 08:38:37',60),(9,'Simba','Trés bien',10,7,'Le lion asiatique, lion d\'Asie1 ou lion persan (Panthera leo persica ou Panthera leo sinhaleyus)2,3 est une sous-espèce de lions. Son habitat naturel s\'étendait autrefois sur tout le sous-continent indien et il était possible de le trouver de la Syrie à l\'Inde orientale. À cause de la chasse et de la destruction de son habitat, il avait pratiquement disparu du continent au xxe siècle.','liondasie-6683bd410e066736711835.jpg','2024-07-02 08:41:00',41),(10,'Bouffe tout','En super forme',8,6,'La longueur moyenne des mâles est comprise entre 4 et 4,5 mètres et ils peuvent atteindre exceptionnellement 5 à 6 mètres et un poids maximal de 500 kg. Les femelles mesurent moins de 3 mètres. L\'Alligator d\'Amérique fait partie des plus grands alligators du monde .\r\n\r\nIl a été mesuré en laboratoire que l\'alligator américain peut exercer entre ses mâchoires une force atteignant 9 452 N, soit le poids d\'une masse de 964 kg. Cette force dans la mâchoire fut considérée longtemps comme étant supérieure à celle que pouvait exercer n\'importe quelle espèce actuellement vivante. Toutefois, le record fut finalement battu par un spécimen de crocodile marin, calculée à 16 414 N (l\'équivalent d\'une masse de 1 674 kg)3.','aligatore-6683bd775f03f767399678.jpg','2024-07-02 08:42:31',106),(11,'Ramphastos','En super forme',11,5,'Les Toucans toco ont un plumage remarquable avec un corps noir, une gorge blanche, une tache orange et des cercles bleus autour des yeux. Mais ce qui frappe le plus est leur immense bec jaune avec une tache noire. Ce bec paraît pesant, mais est en fait extrêmement léger car il est creux à l\'intérieur. La taille moyenne de ces oiseaux est de 64 centimètres, auxquels il faut ajouter quelque 20 cm pour la longueur du bec.','toco-toucan-6683bf7918006209301844.jpg','2024-07-02 08:51:05',21),(12,'black','Trés malade',12,5,'La panthère noire, appelée aussi léopard noir, est un léopard (Panthera pardus) atteint de mélanisme1, qui est une mutation génétique lui conférant une robe globalement noire. Fréquent chez le léopard dans les forêts tropicales humides de l\'Asie du Sud-Est et de l\'Inde2 (11 % des léopards sont noirs) mais très rare en Afrique3,4, ce phénotype se retrouve aussi parfois en Amérique chez le jaguar (P. onca)5.','black-panther-india-6683bfe18010f163803229.jpg','2024-07-02 08:52:49',15),(13,'Mimille','Bien',13,5,'Archispirostreptus gigas est une espèce d\'arthropodes de la classe des diplopodes (mille-pattes). Surnommé le iule géant africain, c\'est le plus long des diplopodes : les plus grands individus répertoriés mesurent 38,5 cm de long pour 2,1 cm de diamètre. Il a 256 pattes1.\r\n\r\nIl est largement répandu dans l\'est de l\'Afrique, du Mozambique au Kenya, rarement au-dessus de 1 000 mètres2, principalement en forêt, mais aussi dans les zones côtières, si elles possèdent au moins quelques arbres2.\r\n\r\nArchispirostreptus gigas est de couleur noire. Détritivore, il est parfois gardé comme animal de compagnie. En général, les mille-pattes géants ont une espérance de vie de 7 à 10 ans3.','archispirostreptus-gigas-2009-g1-6683c04c6263c005192593.jpg','2024-07-02 08:54:36',11),(14,'Grenouillette','Trés malade',14,5,'Découverte en 2009, cette grenouille habite les hautes forêts andines de l’Équateur. Elle est remarquable pour la vitesse à laquelle elle est capable de lisser sa peau initialement rugueuse et recouverte de protubérances : en quelques minutes à peine ! Les femelles, un peu plus grosses que les mâles, ne mesurent pas plus de 23 mm de long. Autant dire qu’il faut avoir l’œil pour repérer cette petite grenouille verte dans la densité de la forêt.','grenouillette-6683c0d2c719c680011429.jpg','2024-07-02 08:56:50',35),(15,'JO','En super forme',15,5,'Le Gorille de l\'Ouest peut mesurer jusqu\'à 1,7 mètre pour le mâle et 1,3 mètre pour la femelle. Il peut peser jusqu\'à 180 kg pour les mâles et 70 kg pour les femelles. Les mâles peuvent atteindre les 230 kilos en captivité dès lors qu\'ils sont moins actifs que dans la nature tout en étant mieux nourris.','gorilla-gorilla11-6683c16a3aa0e175884094.jpg','2024-07-02 08:59:22',82),(16,'edvige','En guerison',16,6,'Cette chouette à la tête pâle en forme de cœur et aux grands yeux noirs ne peut être confondue avec aucune de ses cousines. Elle doit son nom à son cri, rauque et strident (mais moins terrifiant toutefois que celui du grand-duc !).\r\n\r\nLa chouette effraie mesure 33 à 39 cm et affiche une envergure de 80 à 95 cm, ce qui en fait l’une des plus grandes de France. Son régime alimentaire se compose principalement de micro-mammifères, qu’elle chasse au crépuscule et à l’aube, voire de jour en hiver.\r\n\r\nL’effraie des clochers, comme son nom le laisse supposer, aime nicher dans les bâtiments abandonnés ou les granges, même si on la trouve aussi dans les trous d’arbres. Elle y pond quatre à sept œufs qui éclosent au bout de 30 jours environ. Il faudra au moins 50 jours supplémentaires pour que les jeunes prennent leur envol.','edvige-6683c247515e9852628961.jpg','2024-07-02 09:03:03',70),(17,'Gondin','En super forme',17,6,'Le ragondin est un gros rongeur à l’apparence similaire au rat musqué, reconnaissable à ses quatre grandes incisives oranges. Il pèse en moyenne 7kg et son pelage est brun, son corps est terminé par un longue queue similaire à celle du rat.\r\n\r\nMammifère semi-aquatique, le ragondin mène une vie plutôt crépusculaire ou nocturne mais peut tout de même avoir une activité diurne soutenue. Il aime l’eau douce et creuse des terriers de 6 à 7 mètres le long des berges des fleuves, canaux ou marais. Dans certaines régions à très forte densité de ragondins, et lorsqu’il a à sa disposition un vaste réseau de fossés et canaux, les terriers du ragondin participent à la déstabilisation des berges.\r\nLes ragondins atteignent leur maturité sexuelle vers six mois et la femelle a deux ou trois portées par an de cinq ou sept petits en moyenne.','gondin-6683c2bd258d6257568809.jpg','2024-07-02 09:05:01',65),(18,'Rose','En super forme',18,6,'Le flamant rose (Phoenicopterus roseus), aussi appelé grand flamant rose, est un grand échassier que l’on trouve dans les étendues d’eau salée et dans les terres dans certaines régions d’Eurasie et d’Afrique. Omnivore, il se nourrit principalement de petits animaux et de plantes aquatiques.','rose-6683c341f384c885885495.jpg','2024-07-02 09:07:13',90),(19,'Marou','Bien',19,6,'Le marabout d’Afrique (Leptoptilos crumenifer), parfois simplement appelé marabout, est un oiseau de la famille des Ciconiidés. On le trouve principalement dans les savanes tropicales et les marécages dans plusieurs régions africaines. Carnivore, il se nourrit principalement de carcasses mais mange aussi des petits animaux.','marou-6683c415bade3660327348.jpg','2024-07-02 09:10:45',62),(20,'sophie','En super forme',20,7,'La girafe est le plus grand des animaux terrestres. Les femelles sont en général plus petites de 0,7 à 1 mètre que les mâles.\r\nLes taches de la robe de la girafe sont sa carte d’identité. Dès la naissance, elles sont présentes en modèle réduit. La forme restera mais les taches vont grandir ainsi que les espaces entre elles. La couleur de la robe fonce avec l’âge.\r\nLes deux sexes portent des cornes mais elles sont plus développées et plus épaisses chez le mâle où elles sont en général parallèles ou avec un léger angle vers l’extérieur.\r\nLa girafe est le seul mammifère qui nait avec ses cornes, à l’état de cartilage. Elles sont déjà présentes chez l’embryon, puis elles s’ossifient avec l’âge et se soudent au crâne vers 4 ans chez le mâle et vers 7 ans chez la femelle. Elles ne posent pas de problème lors de la mise bas car elles sont dissociées du crâne et se mettent à plat.\r\nElles se redressent quelques jours après la naissance.','sophie-6683c49a7b6e8851352358.jpg','2024-07-02 09:12:58',60),(21,'babare','En super forme',21,7,'L\'éléphant de savane est l\'une des deux espèces d\'éléphants que l\'on peut trouver en Afrique, avec son cousin, l\'éléphant de forêt. Les deux espèces étaient autrefois considérées comme deux variétés d\'une même espèce, l\'éléphant d\'Afrique, jusqu\'à ce que l\'on découvre qu\'il s\'agit en fait apparemment d\'espèces proches, mais distinctes.\r\n\r\nL\'éléphant de savane est le mieux connu des éléphants ; c\'est le plus gros, et le plus lourd, de tous les mammifères terrestres, et même de tous les animaux terrestres : les grands mâles peuvent mesurer 4 mètres de haut et peser jusqu\'à 6 tonnes : seuls certains animaux marins, comme le rorqual bleu, sont encore plus grands.\r\nL\'éléphant de savane vit, comme son nom l\'indique... dans la savane africaine. C\'est un très gros herbivore, qui doit manger de grandes quantités de feuilles et de fruits, qu\'ils cueillent dans les arbres et les buissons. Ils se déplacent beaucoup, pour trouver de la nourriture.\r\nLes éléphants vivent en troupeaux, constitués des femelles et leurs petits, et guidés par la femelle la plus âgée, la matriarche. Les mâles, eux, vivent seuls. L\'éléphant adulte est tellement grand qu\'il n\'a pas de prédateurs, à part l\'homme, qui le chasse (illégalement, car cela est maintenant interdit) pour l\'ivoire de ses défenses.','babare-6683c514529e8492782539.jpg','2024-07-02 09:15:00',31),(22,'Shenzi','Trés bien',22,7,'L\'histoire des hyènes est bien documentée par l\'existence de nombreux fossiles. Elles partagent un ancêtre commun avec les mangoustes et les civettes et genettes ; la divergence entre leurs lignées se serait produite à la fin de l\'oligocène, il y a 29 à 26 millions d\'années. De fait, les ancêtres des hyènes ressemblaient aux civettes, petits mammifères nocturnes de la famille des viverridés, bas sur pattes, très élégants avec leurs airs de chat, leur nez pointu et leur longue queue. C\'est le cas d\'Ictitherium, qui vivait en Grèce il y a 26 millions d\'années, ou de Plioviverrops, qui occupait l\'Eurasie il y a 20 à 22 millions d\'années. Son rire « sardonique », son goût pour les charognes, son aspect peu engageant ont valu à l\'hyène le mépris des humains. Seul mammifère capable de se nourrir en croquant des os, l\'hyène tachetée est pourtant un précieux éboueur. C\'est aussi un grand chasseur et un animal original par son organisation sociale, où dominent les femelles.','shenzi-6683c5a223bd9969338261.jpg','2024-07-02 09:17:22',12);
/*!40000 ALTER TABLE `animal` ENABLE KEYS */;
UNLOCK TABLES;

--
-- Table structure for table `avis`
--

DROP TABLE IF EXISTS `avis`;
/*!40101 SET @saved_cs_client     = @@character_set_client */;
/*!50503 SET character_set_client = utf8mb4 */;
CREATE TABLE `avis` (
  `id` int NOT NULL AUTO_INCREMENT,
  `pseudo` varchar(50) COLLATE utf8mb4_unicode_ci NOT NULL,
  `comments` varchar(255) COLLATE utf8mb4_unicode_ci NOT NULL,
  `is_visible` tinyint(1) NOT NULL,
  `created_at` datetime NOT NULL COMMENT '(DC2Type:datetime_immutable)',
  PRIMARY KEY (`id`)
) ENGINE=InnoDB AUTO_INCREMENT=145 DEFAULT CHARSET=utf8mb4 COLLATE=utf8mb4_unicode_ci;
/*!40101 SET character_set_client = @saved_cs_client */;

--
-- Dumping data for table `avis`
--

LOCK TABLES `avis` WRITE;
/*!40000 ALTER TABLE `avis` DISABLE KEYS */;
INSERT INTO `avis` VALUES (115,'hugues10','Asperiores explicabo velit sint voluptatem vel qui laboriosam. Optio fugit veniam vel dolor. Sequi vel optio nostrum pariatur.',1,'2024-07-02 07:56:29'),(116,'francoise71','Et molestiae commodi possimus vero est aut. In optio temporibus dolorem esse cupiditate dolorem aliquid. Quos autem dolor aut minima dolor voluptas.',1,'2024-07-02 07:56:29'),(117,'christine.delaunay','Sed eos beatae placeat. Nobis velit laudantium exercitationem debitis aliquid in explicabo error. Omnis fugit maiores dicta expedita. Et numquam alias dolore hic.',1,'2024-07-02 07:56:29'),(120,'hoarau.oceane','A distinctio et qui qui id voluptatem illo. Sint a modi earum similique. Quidem reiciendis facere sed debitis. Aliquam quaerat veniam adipisci ullam. Adipisci veritatis ipsam vitae quam ut.',1,'2024-07-02 07:56:29'),(123,'upons','Facere dolorem ut saepe incidunt cupiditate quidem facilis. Aut ut atque quia sunt. Minima et corporis minus est alias corrupti nihil.',1,'2024-07-02 07:56:29'),(124,'lopes.guillaume','Ea incidunt id dolor et illo eos. Dolorem voluptatem necessitatibus voluptatem vel. Dolor rerum voluptatem rerum sunt.',1,'2024-07-02 07:56:29'),(125,'amelie.guerin','Rem excepturi fugiat in. Illo fuga commodi distinctio vitae.',1,'2024-07-02 07:56:29'),(126,'barbe.timothee','Tempore voluptates saepe rerum necessitatibus. Illo illum consectetur qui. Voluptatem debitis excepturi sunt quia tenetur non qui.',1,'2024-07-02 07:56:29'),(127,'zacharie34','Architecto vitae magnam aut placeat. Voluptatibus quod adipisci sit omnis id numquam provident. Praesentium quam numquam delectus aliquam.',1,'2024-07-02 07:56:29'),(128,'francois.patrick','Dicta repellat inventore esse occaecati ipsa architecto. Vel sequi omnis ut optio saepe. Porro voluptas voluptatem dolorem et reiciendis. Perferendis tempore quisquam perspiciatis voluptas iure.',1,'2024-07-02 07:56:29'),(129,'emmanuel.marques','Iure eum cupiditate est. Ut aut id totam voluptatem. Rerum sapiente et beatae et. Qui debitis similique porro quia est quia similique.',1,'2024-07-02 07:56:29'),(130,'margaud.evrard','Recusandae magni quia iusto aut qui optio. Consequatur itaque et neque voluptas. Quos iure facilis dolores provident sit.',1,'2024-07-02 07:56:29'),(131,'zledoux','Sed corporis harum quam aperiam eum voluptas vel. Consequatur debitis id libero dolorem. A et et autem architecto. Ipsam delectus reiciendis tempora enim.',1,'2024-07-02 07:56:29'),(132,'raynaud.roger','Laudantium incidunt et non facere sapiente. Aut assumenda eveniet qui blanditiis. Quaerat fugit non deserunt enim consequuntur.',1,'2024-07-02 07:56:29'),(133,'georges66','Ex ut quia tenetur fugit. Cupiditate optio veritatis aut cum cum. Repellat iure nisi dolores modi placeat. Perspiciatis ut esse sit est iure. Et natus perspiciatis rerum suscipit.',1,'2024-07-02 07:56:29'),(134,'audrey91','Sed iusto voluptates aperiam eum ut repellat. Laudantium officiis id impedit explicabo. Soluta earum sed repellendus aliquam nam. Neque est maiores rerum eius.',1,'2024-07-02 07:56:29'),(138,'koyote','test de visibilité',1,'2024-07-03 11:41:46'),(139,'madara','test pour montrer a mede',1,'2024-07-03 17:28:40'),(140,'cdqsfdqfS','AZDQSFAQ3ZEFQEGQZEFG',1,'2024-07-03 17:39:03'),(142,'koyote','test pour montrer a garon',0,'2024-07-06 15:15:15'),(143,'yomgui','coucou sa va',1,'2024-07-07 21:18:55'),(144,'Aurelien','test final',1,'2024-07-15 13:02:04');
/*!40000 ALTER TABLE `avis` ENABLE KEYS */;
UNLOCK TABLES;

--
-- Table structure for table `doctrine_migration_versions`
--

DROP TABLE IF EXISTS `doctrine_migration_versions`;
/*!40101 SET @saved_cs_client     = @@character_set_client */;
/*!50503 SET character_set_client = utf8mb4 */;
CREATE TABLE `doctrine_migration_versions` (
  `version` varchar(191) CHARACTER SET utf8mb3 COLLATE utf8mb3_unicode_ci NOT NULL,
  `executed_at` datetime DEFAULT NULL,
  `execution_time` int DEFAULT NULL,
  PRIMARY KEY (`version`)
) ENGINE=InnoDB DEFAULT CHARSET=utf8mb3 COLLATE=utf8mb3_unicode_ci;
/*!40101 SET character_set_client = @saved_cs_client */;

--
-- Dumping data for table `doctrine_migration_versions`
--

LOCK TABLES `doctrine_migration_versions` WRITE;
/*!40000 ALTER TABLE `doctrine_migration_versions` DISABLE KEYS */;
INSERT INTO `doctrine_migration_versions` VALUES ('DoctrineMigrations\\Version20240611210844','2024-06-11 21:09:03',56),('DoctrineMigrations\\Version20240611211124','2024-06-11 21:11:31',77),('DoctrineMigrations\\Version20240611212329','2024-06-11 21:24:00',22),('DoctrineMigrations\\Version20240611212811','2024-06-11 21:28:18',77),('DoctrineMigrations\\Version20240612112643','2024-06-12 11:27:04',43),('DoctrineMigrations\\Version20240612113812','2024-06-12 11:38:19',82),('DoctrineMigrations\\Version20240613064234','2024-06-13 06:43:24',51),('DoctrineMigrations\\Version20240613065144','2024-06-13 06:51:52',105),('DoctrineMigrations\\Version20240613065502','2024-06-13 06:55:15',21),('DoctrineMigrations\\Version20240614101323','2024-06-14 10:13:27',63),('DoctrineMigrations\\Version20240614102704','2024-06-14 10:27:11',106),('DoctrineMigrations\\Version20240619000249','2024-06-19 00:03:21',34),('DoctrineMigrations\\Version20240619004508','2024-06-19 00:45:12',24),('DoctrineMigrations\\Version20240619005420','2024-06-19 00:54:28',49),('DoctrineMigrations\\Version20240619005752','2024-06-19 00:57:55',25),('DoctrineMigrations\\Version20240619010237','2024-06-19 01:02:43',63),('DoctrineMigrations\\Version20240619205723','2024-06-19 20:57:32',57),('DoctrineMigrations\\Version20240620084805','2024-06-20 08:48:10',48),('DoctrineMigrations\\Version20240620090729','2024-06-20 09:07:32',15),('DoctrineMigrations\\Version20240620191849','2024-06-20 19:18:59',39),('DoctrineMigrations\\Version20240620192459','2024-06-20 19:25:37',82),('DoctrineMigrations\\Version20240621121453','2024-06-21 12:14:58',24),('DoctrineMigrations\\Version20240621134932','2024-06-21 13:49:39',13),('DoctrineMigrations\\Version20240624072018','2024-06-24 07:20:29',82),('DoctrineMigrations\\Version20240624072958','2024-06-24 07:30:02',65),('DoctrineMigrations\\Version20240624075214','2024-06-24 07:52:20',169),('DoctrineMigrations\\Version20240624075606','2024-06-24 07:56:37',128),('DoctrineMigrations\\Version20240624075801','2024-06-24 07:58:04',17),('DoctrineMigrations\\Version20240626204735','2024-06-26 20:47:54',54),('DoctrineMigrations\\Version20240626204900','2024-06-26 20:49:04',12),('DoctrineMigrations\\Version20240628070543','2024-06-28 07:05:58',54),('DoctrineMigrations\\Version20240628071119','2024-06-28 07:11:24',45),('DoctrineMigrations\\Version20240702084057','2024-07-02 08:41:14',37),('DoctrineMigrations\\Version20240702120902','2024-07-02 12:09:08',134),('DoctrineMigrations\\Version20240704070528','2024-07-04 07:07:09',42),('DoctrineMigrations\\Version20240704080554','2024-07-04 08:06:03',37),('DoctrineMigrations\\Version20240704084745','2024-07-04 08:47:51',23),('DoctrineMigrations\\Version20240705123215','2024-07-05 12:32:23',50);
/*!40000 ALTER TABLE `doctrine_migration_versions` ENABLE KEYS */;
UNLOCK TABLES;

--
-- Table structure for table `habitat`
--

DROP TABLE IF EXISTS `habitat`;
/*!40101 SET @saved_cs_client     = @@character_set_client */;
/*!50503 SET character_set_client = utf8mb4 */;
CREATE TABLE `habitat` (
  `id` int NOT NULL AUTO_INCREMENT,
  `nom` varchar(50) CHARACTER SET utf8mb4 COLLATE utf8mb4_unicode_ci NOT NULL,
  `description` varchar(1500) COLLATE utf8mb4_unicode_ci NOT NULL,
  `commentaire` varchar(50) CHARACTER SET utf8mb4 COLLATE utf8mb4_unicode_ci DEFAULT NULL,
  `etat` varchar(50) CHARACTER SET utf8mb4 COLLATE utf8mb4_unicode_ci NOT NULL,
  `created_at` datetime NOT NULL COMMENT '(DC2Type:datetime_immutable)',
  `image_name` varchar(255) COLLATE utf8mb4_unicode_ci DEFAULT NULL,
  PRIMARY KEY (`id`)
) ENGINE=InnoDB AUTO_INCREMENT=9 DEFAULT CHARSET=utf8mb4 COLLATE=utf8mb4_unicode_ci;
/*!40101 SET character_set_client = @saved_cs_client */;

--
-- Dumping data for table `habitat`
--

LOCK TABLES `habitat` WRITE;
/*!40000 ALTER TABLE `habitat` DISABLE KEYS */;
INSERT INTO `habitat` VALUES (5,'La jungle','Les jungles sont situées le long de l\'équateur. La plus grande se trouve en Amérique du Sud : l\'Amazonie. Sur ce continent on trouve aussi des étendues moins importantes dans le sud de l\'Amérique centrale, sur la côte pacifique de la Colombie, dans les Antilles, ainsi que le long de la côte Atlantique du Brésil (forêt atlantique). En Afrique le plus grand ensemble est le bassin du Congo qui occupe l\'Afrique centrale, on en trouve aussi sur la côte guinéenne d\'Afrique de l\'Ouest, et plus ponctuellement en Afrique de l\'Est sur diverses montagnes et sur le littoral de l\'océan Indien. La forêt tropicale de Madagascar s\'étend sur la côte orientale de l\'île. En Asie on peut distinguer deux grands ensembles hétérogènes : celui de l\'archipel malais (Malaisie y compris la péninsule, Indonésie et Philippines) et celui de l\'Asie du Sud-Est continentale (nord-est de l\'Inde, Népal, Bhoutan, Bangladesh, Birmanie, Thaïlande, Laos, Cambodge, Vietnam et sud de la Chine). En Inde on trouve aussi une faible étendue séparée le long des Ghats occidentaux ainsi qu\'au Sri Lanka. En Océanie, l\'ensemble principal est constitué par la Nouvelle-Guinée et ses îles satellites, mais on trouve aussi des ensembles plus modestes sur la côte nord-est de l\'Australie, sur les îles Salomon, les îles Fidji, la Nouvelle-Calédonie et sur de nombreuses petites îles du Pacifique.','humide','Trés bien','2024-07-02 08:35:19','lajungle-6683bbc762592990902300.jpg'),(6,'Les Marais','La végétation des marais est constituée d\'espèces adaptées au milieu humide. Sa composition varie selon la hauteur de l\'eau, l\'importance des périodes d\'assèchement, et le taux de salinité. Les espèces dominantes sont les poacées (roseaux), typhacées (massettes), les joncacées (joncs), cypéracées (carex), et autres plantes herbacées et aquatiques, et des plantes ligneuses basses. Dans les marais d\'eau saumâtre, on rencontre des espèces halophiles.','attention','En super état','2024-07-02 08:36:11','lesmarais-6683bbfba489f053502466.jpg'),(7,'La Savane','La savane est une formation végétale propre aux régions chaudes à longue saison sèche et dominée par les plantes herbacées de la famille des Poacées (Graminées)1. Elle est plus ou moins parsemée d\'arbres ou d\'arbustes. Selon la densité (dans l\'ordre croissant) des espèces, on parle de « savane herbeuse », de « savane arbustive », de « savane arborée », de « savane boisée », puis de forêt claire, la transition se faisant en général de manière progressive.','il fait chaud','Trés bien','2024-07-02 08:37:00','lasavane-6683bc2c2c935603490184.jpg');
/*!40000 ALTER TABLE `habitat` ENABLE KEYS */;
UNLOCK TABLES;

--
-- Table structure for table `horaires`
--

DROP TABLE IF EXISTS `horaires`;
/*!40101 SET @saved_cs_client     = @@character_set_client */;
/*!50503 SET character_set_client = utf8mb4 */;
CREATE TABLE `horaires` (
  `id` int NOT NULL AUTO_INCREMENT,
  `servicename` varchar(255) COLLATE utf8mb4_unicode_ci NOT NULL,
  `day` varchar(50) COLLATE utf8mb4_unicode_ci NOT NULL,
  `open` time NOT NULL,
  `close` time NOT NULL,
  `open2` time NOT NULL,
  `close2` time NOT NULL,
  PRIMARY KEY (`id`)
) ENGINE=InnoDB AUTO_INCREMENT=39 DEFAULT CHARSET=utf8mb4 COLLATE=utf8mb4_unicode_ci;
/*!40101 SET character_set_client = @saved_cs_client */;

--
-- Dumping data for table `horaires`
--

LOCK TABLES `horaires` WRITE;
/*!40000 ALTER TABLE `horaires` DISABLE KEYS */;
INSERT INTO `horaires` VALUES (2,'Parc','Lundi','09:00:00','12:00:00','12:00:00','18:30:00'),(3,'Parc','Mardi','09:00:00','12:00:00','12:00:00','18:30:00'),(4,'Petit Train','Lundi','09:30:00','11:30:00','13:30:00','18:30:00'),(5,'Parc','Mercredi','08:00:00','12:00:00','12:00:00','19:30:00'),(6,'Parc','Jeudi','09:00:00','12:00:00','12:00:00','18:30:00'),(7,'Parc','Vendredi','09:00:00','12:00:00','12:00:00','18:30:00'),(8,'Parc','Samedi','08:00:00','12:00:00','12:00:00','20:00:00'),(9,'Petit Train','Mardi','09:30:00','11:30:00','13:30:00','18:30:00'),(11,'Petit Train','Mercredi','08:30:00','12:00:00','13:00:00','19:30:00'),(12,'Petit Train','Jeudi','09:30:00','11:30:00','13:30:00','18:30:00'),(13,'Petit Train','Vendredi','09:30:00','11:30:00','13:30:00','18:30:00'),(14,'Parc','Dimanche','00:00:00','00:00:00','00:00:00','00:00:00'),(15,'Petit Train','Samedi','08:30:00','12:00:00','13:00:00','20:00:00'),(17,'Petit Train','Dimanche','00:00:00','00:00:00','00:00:00','00:00:00'),(18,'Visite Guidée','Lundi','09:15:00','11:30:00','13:00:00','18:30:00'),(19,'Visite Guidée','Mardi','09:15:00','11:30:00','13:00:00','18:30:00'),(20,'Visite Guidée','Mercredi','08:15:00','12:00:00','13:00:00','19:30:00'),(21,'Visite Guidée','Jeudi','09:15:00','11:30:00','13:00:00','18:30:00'),(22,'Visite Guidée','Vendredi','09:15:00','11:30:00','13:00:00','18:30:00'),(23,'Visite Guidée','Samedi','08:15:00','12:00:00','13:00:00','20:00:00'),(24,'Visite Guidée','Dimanche','00:00:00','00:00:00','00:00:00','00:00:00'),(25,'Restaurant','Lundi','11:30:00','00:00:00','00:00:00','17:30:00'),(26,'Restaurant','Mardi','11:30:00','00:00:00','00:00:00','17:30:00'),(27,'Restaurant','Mercredi','11:00:00','00:00:00','00:00:00','18:00:00'),(28,'Restaurant','Jeudi','11:30:00','00:00:00','00:00:00','17:30:00'),(29,'Restaurant','Vendredi','11:30:00','00:00:00','00:00:00','17:30:00'),(30,'Restaurant','Samedi','11:00:00','00:00:00','00:00:00','19:00:00'),(31,'Restaurant','Dimanche','00:00:00','00:00:00','00:00:00','00:00:00');
/*!40000 ALTER TABLE `horaires` ENABLE KEYS */;
UNLOCK TABLES;

--
-- Table structure for table `messenger_messages`
--

DROP TABLE IF EXISTS `messenger_messages`;
/*!40101 SET @saved_cs_client     = @@character_set_client */;
/*!50503 SET character_set_client = utf8mb4 */;
CREATE TABLE `messenger_messages` (
  `id` bigint NOT NULL AUTO_INCREMENT,
  `body` longtext CHARACTER SET utf8mb4 COLLATE utf8mb4_unicode_ci NOT NULL,
  `headers` longtext CHARACTER SET utf8mb4 COLLATE utf8mb4_unicode_ci NOT NULL,
  `queue_name` varchar(190) CHARACTER SET utf8mb4 COLLATE utf8mb4_unicode_ci NOT NULL,
  `created_at` datetime NOT NULL COMMENT '(DC2Type:datetime_immutable)',
  `available_at` datetime NOT NULL COMMENT '(DC2Type:datetime_immutable)',
  `delivered_at` datetime DEFAULT NULL COMMENT '(DC2Type:datetime_immutable)',
  PRIMARY KEY (`id`),
  KEY `IDX_75EA56E0FB7336F0` (`queue_name`),
  KEY `IDX_75EA56E0E3BD61CE` (`available_at`),
  KEY `IDX_75EA56E016BA31DB` (`delivered_at`)
) ENGINE=InnoDB AUTO_INCREMENT=9 DEFAULT CHARSET=utf8mb4 COLLATE=utf8mb4_unicode_ci;
/*!40101 SET character_set_client = @saved_cs_client */;

--
-- Dumping data for table `messenger_messages`
--

LOCK TABLES `messenger_messages` WRITE;
/*!40000 ALTER TABLE `messenger_messages` DISABLE KEYS */;
INSERT INTO `messenger_messages` VALUES (1,'O:36:\\\"Symfony\\\\Component\\\\Messenger\\\\Envelope\\\":2:{s:44:\\\"\\0Symfony\\\\Component\\\\Messenger\\\\Envelope\\0stamps\\\";a:1:{s:46:\\\"Symfony\\\\Component\\\\Messenger\\\\Stamp\\\\BusNameStamp\\\";a:1:{i:0;O:46:\\\"Symfony\\\\Component\\\\Messenger\\\\Stamp\\\\BusNameStamp\\\":1:{s:55:\\\"\\0Symfony\\\\Component\\\\Messenger\\\\Stamp\\\\BusNameStamp\\0busName\\\";s:21:\\\"messenger.bus.default\\\";}}}s:45:\\\"\\0Symfony\\\\Component\\\\Messenger\\\\Envelope\\0message\\\";O:51:\\\"Symfony\\\\Component\\\\Mailer\\\\Messenger\\\\SendEmailMessage\\\":2:{s:60:\\\"\\0Symfony\\\\Component\\\\Mailer\\\\Messenger\\\\SendEmailMessage\\0message\\\";O:39:\\\"Symfony\\\\Bridge\\\\Twig\\\\Mime\\\\TemplatedEmail\\\":5:{i:0;s:23:\\\"email/contact.html.twig\\\";i:1;N;i:2;a:1:{s:4:\\\"data\\\";O:18:\\\"App\\\\DTO\\\\ContactDTO\\\":4:{s:4:\\\"name\\\";s:8:\\\"Aurelien\\\";s:5:\\\"email\\\";s:18:\\\"aurelien@gmail.com\\\";s:5:\\\"title\\\";s:14:\\\"Discution test\\\";s:7:\\\"message\\\";s:12:\\\"Message test\\\";}}i:3;a:6:{i:0;N;i:1;N;i:2;N;i:3;N;i:4;a:0:{}i:5;a:2:{i:0;O:37:\\\"Symfony\\\\Component\\\\Mime\\\\Header\\\\Headers\\\":2:{s:46:\\\"\\0Symfony\\\\Component\\\\Mime\\\\Header\\\\Headers\\0headers\\\";a:3:{s:2:\\\"to\\\";a:1:{i:0;O:47:\\\"Symfony\\\\Component\\\\Mime\\\\Header\\\\MailboxListHeader\\\":5:{s:50:\\\"\\0Symfony\\\\Component\\\\Mime\\\\Header\\\\AbstractHeader\\0name\\\";s:2:\\\"To\\\";s:56:\\\"\\0Symfony\\\\Component\\\\Mime\\\\Header\\\\AbstractHeader\\0lineLength\\\";i:76;s:50:\\\"\\0Symfony\\\\Component\\\\Mime\\\\Header\\\\AbstractHeader\\0lang\\\";N;s:53:\\\"\\0Symfony\\\\Component\\\\Mime\\\\Header\\\\AbstractHeader\\0charset\\\";s:5:\\\"utf-8\\\";s:58:\\\"\\0Symfony\\\\Component\\\\Mime\\\\Header\\\\MailboxListHeader\\0addresses\\\";a:1:{i:0;O:30:\\\"Symfony\\\\Component\\\\Mime\\\\Address\\\":2:{s:39:\\\"\\0Symfony\\\\Component\\\\Mime\\\\Address\\0address\\\";s:17:\\\"arcadia@gmail.com\\\";s:36:\\\"\\0Symfony\\\\Component\\\\Mime\\\\Address\\0name\\\";s:0:\\\"\\\";}}}}s:4:\\\"from\\\";a:1:{i:0;O:47:\\\"Symfony\\\\Component\\\\Mime\\\\Header\\\\MailboxListHeader\\\":5:{s:50:\\\"\\0Symfony\\\\Component\\\\Mime\\\\Header\\\\AbstractHeader\\0name\\\";s:4:\\\"From\\\";s:56:\\\"\\0Symfony\\\\Component\\\\Mime\\\\Header\\\\AbstractHeader\\0lineLength\\\";i:76;s:50:\\\"\\0Symfony\\\\Component\\\\Mime\\\\Header\\\\AbstractHeader\\0lang\\\";N;s:53:\\\"\\0Symfony\\\\Component\\\\Mime\\\\Header\\\\AbstractHeader\\0charset\\\";s:5:\\\"utf-8\\\";s:58:\\\"\\0Symfony\\\\Component\\\\Mime\\\\Header\\\\MailboxListHeader\\0addresses\\\";a:1:{i:0;O:30:\\\"Symfony\\\\Component\\\\Mime\\\\Address\\\":2:{s:39:\\\"\\0Symfony\\\\Component\\\\Mime\\\\Address\\0address\\\";s:18:\\\"aurelien@gmail.com\\\";s:36:\\\"\\0Symfony\\\\Component\\\\Mime\\\\Address\\0name\\\";s:0:\\\"\\\";}}}}s:7:\\\"subject\\\";a:1:{i:0;O:48:\\\"Symfony\\\\Component\\\\Mime\\\\Header\\\\UnstructuredHeader\\\":5:{s:50:\\\"\\0Symfony\\\\Component\\\\Mime\\\\Header\\\\AbstractHeader\\0name\\\";s:7:\\\"Subject\\\";s:56:\\\"\\0Symfony\\\\Component\\\\Mime\\\\Header\\\\AbstractHeader\\0lineLength\\\";i:76;s:50:\\\"\\0Symfony\\\\Component\\\\Mime\\\\Header\\\\AbstractHeader\\0lang\\\";N;s:53:\\\"\\0Symfony\\\\Component\\\\Mime\\\\Header\\\\AbstractHeader\\0charset\\\";s:5:\\\"utf-8\\\";s:55:\\\"\\0Symfony\\\\Component\\\\Mime\\\\Header\\\\UnstructuredHeader\\0value\\\";s:14:\\\"Discution test\\\";}}}s:49:\\\"\\0Symfony\\\\Component\\\\Mime\\\\Header\\\\Headers\\0lineLength\\\";i:76;}i:1;N;}}i:4;N;}s:61:\\\"\\0Symfony\\\\Component\\\\Mailer\\\\Messenger\\\\SendEmailMessage\\0envelope\\\";N;}}','[]','default','2024-06-12 13:02:22','2024-06-12 13:02:22',NULL),(2,'O:36:\\\"Symfony\\\\Component\\\\Messenger\\\\Envelope\\\":2:{s:44:\\\"\\0Symfony\\\\Component\\\\Messenger\\\\Envelope\\0stamps\\\";a:1:{s:46:\\\"Symfony\\\\Component\\\\Messenger\\\\Stamp\\\\BusNameStamp\\\";a:1:{i:0;O:46:\\\"Symfony\\\\Component\\\\Messenger\\\\Stamp\\\\BusNameStamp\\\":1:{s:55:\\\"\\0Symfony\\\\Component\\\\Messenger\\\\Stamp\\\\BusNameStamp\\0busName\\\";s:21:\\\"messenger.bus.default\\\";}}}s:45:\\\"\\0Symfony\\\\Component\\\\Messenger\\\\Envelope\\0message\\\";O:51:\\\"Symfony\\\\Component\\\\Mailer\\\\Messenger\\\\SendEmailMessage\\\":2:{s:60:\\\"\\0Symfony\\\\Component\\\\Mailer\\\\Messenger\\\\SendEmailMessage\\0message\\\";O:39:\\\"Symfony\\\\Bridge\\\\Twig\\\\Mime\\\\TemplatedEmail\\\":5:{i:0;s:23:\\\"email/contact.html.twig\\\";i:1;N;i:2;a:1:{s:4:\\\"data\\\";O:18:\\\"App\\\\DTO\\\\ContactDTO\\\":4:{s:4:\\\"name\\\";s:8:\\\"Aurelien\\\";s:5:\\\"email\\\";s:18:\\\"aurelien@gmail.com\\\";s:5:\\\"title\\\";s:14:\\\"Discution test\\\";s:7:\\\"message\\\";s:12:\\\"Message test\\\";}}i:3;a:6:{i:0;N;i:1;N;i:2;N;i:3;N;i:4;a:0:{}i:5;a:2:{i:0;O:37:\\\"Symfony\\\\Component\\\\Mime\\\\Header\\\\Headers\\\":2:{s:46:\\\"\\0Symfony\\\\Component\\\\Mime\\\\Header\\\\Headers\\0headers\\\";a:3:{s:2:\\\"to\\\";a:1:{i:0;O:47:\\\"Symfony\\\\Component\\\\Mime\\\\Header\\\\MailboxListHeader\\\":5:{s:50:\\\"\\0Symfony\\\\Component\\\\Mime\\\\Header\\\\AbstractHeader\\0name\\\";s:2:\\\"To\\\";s:56:\\\"\\0Symfony\\\\Component\\\\Mime\\\\Header\\\\AbstractHeader\\0lineLength\\\";i:76;s:50:\\\"\\0Symfony\\\\Component\\\\Mime\\\\Header\\\\AbstractHeader\\0lang\\\";N;s:53:\\\"\\0Symfony\\\\Component\\\\Mime\\\\Header\\\\AbstractHeader\\0charset\\\";s:5:\\\"utf-8\\\";s:58:\\\"\\0Symfony\\\\Component\\\\Mime\\\\Header\\\\MailboxListHeader\\0addresses\\\";a:1:{i:0;O:30:\\\"Symfony\\\\Component\\\\Mime\\\\Address\\\":2:{s:39:\\\"\\0Symfony\\\\Component\\\\Mime\\\\Address\\0address\\\";s:17:\\\"arcadia@gmail.com\\\";s:36:\\\"\\0Symfony\\\\Component\\\\Mime\\\\Address\\0name\\\";s:0:\\\"\\\";}}}}s:4:\\\"from\\\";a:1:{i:0;O:47:\\\"Symfony\\\\Component\\\\Mime\\\\Header\\\\MailboxListHeader\\\":5:{s:50:\\\"\\0Symfony\\\\Component\\\\Mime\\\\Header\\\\AbstractHeader\\0name\\\";s:4:\\\"From\\\";s:56:\\\"\\0Symfony\\\\Component\\\\Mime\\\\Header\\\\AbstractHeader\\0lineLength\\\";i:76;s:50:\\\"\\0Symfony\\\\Component\\\\Mime\\\\Header\\\\AbstractHeader\\0lang\\\";N;s:53:\\\"\\0Symfony\\\\Component\\\\Mime\\\\Header\\\\AbstractHeader\\0charset\\\";s:5:\\\"utf-8\\\";s:58:\\\"\\0Symfony\\\\Component\\\\Mime\\\\Header\\\\MailboxListHeader\\0addresses\\\";a:1:{i:0;O:30:\\\"Symfony\\\\Component\\\\Mime\\\\Address\\\":2:{s:39:\\\"\\0Symfony\\\\Component\\\\Mime\\\\Address\\0address\\\";s:18:\\\"aurelien@gmail.com\\\";s:36:\\\"\\0Symfony\\\\Component\\\\Mime\\\\Address\\0name\\\";s:0:\\\"\\\";}}}}s:7:\\\"subject\\\";a:1:{i:0;O:48:\\\"Symfony\\\\Component\\\\Mime\\\\Header\\\\UnstructuredHeader\\\":5:{s:50:\\\"\\0Symfony\\\\Component\\\\Mime\\\\Header\\\\AbstractHeader\\0name\\\";s:7:\\\"Subject\\\";s:56:\\\"\\0Symfony\\\\Component\\\\Mime\\\\Header\\\\AbstractHeader\\0lineLength\\\";i:76;s:50:\\\"\\0Symfony\\\\Component\\\\Mime\\\\Header\\\\AbstractHeader\\0lang\\\";N;s:53:\\\"\\0Symfony\\\\Component\\\\Mime\\\\Header\\\\AbstractHeader\\0charset\\\";s:5:\\\"utf-8\\\";s:55:\\\"\\0Symfony\\\\Component\\\\Mime\\\\Header\\\\UnstructuredHeader\\0value\\\";s:14:\\\"Discution test\\\";}}}s:49:\\\"\\0Symfony\\\\Component\\\\Mime\\\\Header\\\\Headers\\0lineLength\\\";i:76;}i:1;N;}}i:4;N;}s:61:\\\"\\0Symfony\\\\Component\\\\Mailer\\\\Messenger\\\\SendEmailMessage\\0envelope\\\";N;}}','[]','default','2024-06-12 13:03:49','2024-06-12 13:03:49',NULL),(3,'O:36:\\\"Symfony\\\\Component\\\\Messenger\\\\Envelope\\\":2:{s:44:\\\"\\0Symfony\\\\Component\\\\Messenger\\\\Envelope\\0stamps\\\";a:1:{s:46:\\\"Symfony\\\\Component\\\\Messenger\\\\Stamp\\\\BusNameStamp\\\";a:1:{i:0;O:46:\\\"Symfony\\\\Component\\\\Messenger\\\\Stamp\\\\BusNameStamp\\\":1:{s:55:\\\"\\0Symfony\\\\Component\\\\Messenger\\\\Stamp\\\\BusNameStamp\\0busName\\\";s:21:\\\"messenger.bus.default\\\";}}}s:45:\\\"\\0Symfony\\\\Component\\\\Messenger\\\\Envelope\\0message\\\";O:51:\\\"Symfony\\\\Component\\\\Mailer\\\\Messenger\\\\SendEmailMessage\\\":2:{s:60:\\\"\\0Symfony\\\\Component\\\\Mailer\\\\Messenger\\\\SendEmailMessage\\0message\\\";O:39:\\\"Symfony\\\\Bridge\\\\Twig\\\\Mime\\\\TemplatedEmail\\\":5:{i:0;s:23:\\\"email/contact.html.twig\\\";i:1;N;i:2;a:1:{s:4:\\\"data\\\";O:18:\\\"App\\\\DTO\\\\ContactDTO\\\":4:{s:4:\\\"name\\\";s:8:\\\"Aurelien\\\";s:5:\\\"email\\\";s:18:\\\"aurelien@gmail.com\\\";s:5:\\\"title\\\";s:14:\\\"Discution test\\\";s:7:\\\"message\\\";s:12:\\\"Message test\\\";}}i:3;a:6:{i:0;N;i:1;N;i:2;N;i:3;N;i:4;a:0:{}i:5;a:2:{i:0;O:37:\\\"Symfony\\\\Component\\\\Mime\\\\Header\\\\Headers\\\":2:{s:46:\\\"\\0Symfony\\\\Component\\\\Mime\\\\Header\\\\Headers\\0headers\\\";a:3:{s:2:\\\"to\\\";a:1:{i:0;O:47:\\\"Symfony\\\\Component\\\\Mime\\\\Header\\\\MailboxListHeader\\\":5:{s:50:\\\"\\0Symfony\\\\Component\\\\Mime\\\\Header\\\\AbstractHeader\\0name\\\";s:2:\\\"To\\\";s:56:\\\"\\0Symfony\\\\Component\\\\Mime\\\\Header\\\\AbstractHeader\\0lineLength\\\";i:76;s:50:\\\"\\0Symfony\\\\Component\\\\Mime\\\\Header\\\\AbstractHeader\\0lang\\\";N;s:53:\\\"\\0Symfony\\\\Component\\\\Mime\\\\Header\\\\AbstractHeader\\0charset\\\";s:5:\\\"utf-8\\\";s:58:\\\"\\0Symfony\\\\Component\\\\Mime\\\\Header\\\\MailboxListHeader\\0addresses\\\";a:1:{i:0;O:30:\\\"Symfony\\\\Component\\\\Mime\\\\Address\\\":2:{s:39:\\\"\\0Symfony\\\\Component\\\\Mime\\\\Address\\0address\\\";s:17:\\\"arcadia@gmail.com\\\";s:36:\\\"\\0Symfony\\\\Component\\\\Mime\\\\Address\\0name\\\";s:0:\\\"\\\";}}}}s:4:\\\"from\\\";a:1:{i:0;O:47:\\\"Symfony\\\\Component\\\\Mime\\\\Header\\\\MailboxListHeader\\\":5:{s:50:\\\"\\0Symfony\\\\Component\\\\Mime\\\\Header\\\\AbstractHeader\\0name\\\";s:4:\\\"From\\\";s:56:\\\"\\0Symfony\\\\Component\\\\Mime\\\\Header\\\\AbstractHeader\\0lineLength\\\";i:76;s:50:\\\"\\0Symfony\\\\Component\\\\Mime\\\\Header\\\\AbstractHeader\\0lang\\\";N;s:53:\\\"\\0Symfony\\\\Component\\\\Mime\\\\Header\\\\AbstractHeader\\0charset\\\";s:5:\\\"utf-8\\\";s:58:\\\"\\0Symfony\\\\Component\\\\Mime\\\\Header\\\\MailboxListHeader\\0addresses\\\";a:1:{i:0;O:30:\\\"Symfony\\\\Component\\\\Mime\\\\Address\\\":2:{s:39:\\\"\\0Symfony\\\\Component\\\\Mime\\\\Address\\0address\\\";s:18:\\\"aurelien@gmail.com\\\";s:36:\\\"\\0Symfony\\\\Component\\\\Mime\\\\Address\\0name\\\";s:0:\\\"\\\";}}}}s:7:\\\"subject\\\";a:1:{i:0;O:48:\\\"Symfony\\\\Component\\\\Mime\\\\Header\\\\UnstructuredHeader\\\":5:{s:50:\\\"\\0Symfony\\\\Component\\\\Mime\\\\Header\\\\AbstractHeader\\0name\\\";s:7:\\\"Subject\\\";s:56:\\\"\\0Symfony\\\\Component\\\\Mime\\\\Header\\\\AbstractHeader\\0lineLength\\\";i:76;s:50:\\\"\\0Symfony\\\\Component\\\\Mime\\\\Header\\\\AbstractHeader\\0lang\\\";N;s:53:\\\"\\0Symfony\\\\Component\\\\Mime\\\\Header\\\\AbstractHeader\\0charset\\\";s:5:\\\"utf-8\\\";s:55:\\\"\\0Symfony\\\\Component\\\\Mime\\\\Header\\\\UnstructuredHeader\\0value\\\";s:14:\\\"Discution test\\\";}}}s:49:\\\"\\0Symfony\\\\Component\\\\Mime\\\\Header\\\\Headers\\0lineLength\\\";i:76;}i:1;N;}}i:4;N;}s:61:\\\"\\0Symfony\\\\Component\\\\Mailer\\\\Messenger\\\\SendEmailMessage\\0envelope\\\";N;}}','[]','default','2024-06-12 13:04:25','2024-06-12 13:04:25',NULL),(4,'O:36:\\\"Symfony\\\\Component\\\\Messenger\\\\Envelope\\\":2:{s:44:\\\"\\0Symfony\\\\Component\\\\Messenger\\\\Envelope\\0stamps\\\";a:1:{s:46:\\\"Symfony\\\\Component\\\\Messenger\\\\Stamp\\\\BusNameStamp\\\";a:1:{i:0;O:46:\\\"Symfony\\\\Component\\\\Messenger\\\\Stamp\\\\BusNameStamp\\\":1:{s:55:\\\"\\0Symfony\\\\Component\\\\Messenger\\\\Stamp\\\\BusNameStamp\\0busName\\\";s:21:\\\"messenger.bus.default\\\";}}}s:45:\\\"\\0Symfony\\\\Component\\\\Messenger\\\\Envelope\\0message\\\";O:51:\\\"Symfony\\\\Component\\\\Mailer\\\\Messenger\\\\SendEmailMessage\\\":2:{s:60:\\\"\\0Symfony\\\\Component\\\\Mailer\\\\Messenger\\\\SendEmailMessage\\0message\\\";O:39:\\\"Symfony\\\\Bridge\\\\Twig\\\\Mime\\\\TemplatedEmail\\\":5:{i:0;s:23:\\\"email/contact.html.twig\\\";i:1;N;i:2;a:1:{s:4:\\\"data\\\";O:18:\\\"App\\\\DTO\\\\ContactDTO\\\":4:{s:4:\\\"name\\\";s:8:\\\"Aurelien\\\";s:5:\\\"email\\\";s:18:\\\"aurelien@gmail.com\\\";s:5:\\\"title\\\";s:14:\\\"Discution test\\\";s:7:\\\"message\\\";s:12:\\\"Message test\\\";}}i:3;a:6:{i:0;N;i:1;N;i:2;N;i:3;N;i:4;a:0:{}i:5;a:2:{i:0;O:37:\\\"Symfony\\\\Component\\\\Mime\\\\Header\\\\Headers\\\":2:{s:46:\\\"\\0Symfony\\\\Component\\\\Mime\\\\Header\\\\Headers\\0headers\\\";a:3:{s:2:\\\"to\\\";a:1:{i:0;O:47:\\\"Symfony\\\\Component\\\\Mime\\\\Header\\\\MailboxListHeader\\\":5:{s:50:\\\"\\0Symfony\\\\Component\\\\Mime\\\\Header\\\\AbstractHeader\\0name\\\";s:2:\\\"To\\\";s:56:\\\"\\0Symfony\\\\Component\\\\Mime\\\\Header\\\\AbstractHeader\\0lineLength\\\";i:76;s:50:\\\"\\0Symfony\\\\Component\\\\Mime\\\\Header\\\\AbstractHeader\\0lang\\\";N;s:53:\\\"\\0Symfony\\\\Component\\\\Mime\\\\Header\\\\AbstractHeader\\0charset\\\";s:5:\\\"utf-8\\\";s:58:\\\"\\0Symfony\\\\Component\\\\Mime\\\\Header\\\\MailboxListHeader\\0addresses\\\";a:1:{i:0;O:30:\\\"Symfony\\\\Component\\\\Mime\\\\Address\\\":2:{s:39:\\\"\\0Symfony\\\\Component\\\\Mime\\\\Address\\0address\\\";s:17:\\\"arcadia@gmail.com\\\";s:36:\\\"\\0Symfony\\\\Component\\\\Mime\\\\Address\\0name\\\";s:0:\\\"\\\";}}}}s:4:\\\"from\\\";a:1:{i:0;O:47:\\\"Symfony\\\\Component\\\\Mime\\\\Header\\\\MailboxListHeader\\\":5:{s:50:\\\"\\0Symfony\\\\Component\\\\Mime\\\\Header\\\\AbstractHeader\\0name\\\";s:4:\\\"From\\\";s:56:\\\"\\0Symfony\\\\Component\\\\Mime\\\\Header\\\\AbstractHeader\\0lineLength\\\";i:76;s:50:\\\"\\0Symfony\\\\Component\\\\Mime\\\\Header\\\\AbstractHeader\\0lang\\\";N;s:53:\\\"\\0Symfony\\\\Component\\\\Mime\\\\Header\\\\AbstractHeader\\0charset\\\";s:5:\\\"utf-8\\\";s:58:\\\"\\0Symfony\\\\Component\\\\Mime\\\\Header\\\\MailboxListHeader\\0addresses\\\";a:1:{i:0;O:30:\\\"Symfony\\\\Component\\\\Mime\\\\Address\\\":2:{s:39:\\\"\\0Symfony\\\\Component\\\\Mime\\\\Address\\0address\\\";s:18:\\\"aurelien@gmail.com\\\";s:36:\\\"\\0Symfony\\\\Component\\\\Mime\\\\Address\\0name\\\";s:0:\\\"\\\";}}}}s:7:\\\"subject\\\";a:1:{i:0;O:48:\\\"Symfony\\\\Component\\\\Mime\\\\Header\\\\UnstructuredHeader\\\":5:{s:50:\\\"\\0Symfony\\\\Component\\\\Mime\\\\Header\\\\AbstractHeader\\0name\\\";s:7:\\\"Subject\\\";s:56:\\\"\\0Symfony\\\\Component\\\\Mime\\\\Header\\\\AbstractHeader\\0lineLength\\\";i:76;s:50:\\\"\\0Symfony\\\\Component\\\\Mime\\\\Header\\\\AbstractHeader\\0lang\\\";N;s:53:\\\"\\0Symfony\\\\Component\\\\Mime\\\\Header\\\\AbstractHeader\\0charset\\\";s:5:\\\"utf-8\\\";s:55:\\\"\\0Symfony\\\\Component\\\\Mime\\\\Header\\\\UnstructuredHeader\\0value\\\";s:14:\\\"Discution test\\\";}}}s:49:\\\"\\0Symfony\\\\Component\\\\Mime\\\\Header\\\\Headers\\0lineLength\\\";i:76;}i:1;N;}}i:4;N;}s:61:\\\"\\0Symfony\\\\Component\\\\Mailer\\\\Messenger\\\\SendEmailMessage\\0envelope\\\";N;}}','[]','default','2024-06-12 13:06:20','2024-06-12 13:06:20',NULL),(5,'O:36:\\\"Symfony\\\\Component\\\\Messenger\\\\Envelope\\\":2:{s:44:\\\"\\0Symfony\\\\Component\\\\Messenger\\\\Envelope\\0stamps\\\";a:1:{s:46:\\\"Symfony\\\\Component\\\\Messenger\\\\Stamp\\\\BusNameStamp\\\";a:1:{i:0;O:46:\\\"Symfony\\\\Component\\\\Messenger\\\\Stamp\\\\BusNameStamp\\\":1:{s:55:\\\"\\0Symfony\\\\Component\\\\Messenger\\\\Stamp\\\\BusNameStamp\\0busName\\\";s:21:\\\"messenger.bus.default\\\";}}}s:45:\\\"\\0Symfony\\\\Component\\\\Messenger\\\\Envelope\\0message\\\";O:51:\\\"Symfony\\\\Component\\\\Mailer\\\\Messenger\\\\SendEmailMessage\\\":2:{s:60:\\\"\\0Symfony\\\\Component\\\\Mailer\\\\Messenger\\\\SendEmailMessage\\0message\\\";O:39:\\\"Symfony\\\\Bridge\\\\Twig\\\\Mime\\\\TemplatedEmail\\\":5:{i:0;s:23:\\\"email/contact.html.twig\\\";i:1;N;i:2;a:1:{s:4:\\\"data\\\";O:18:\\\"App\\\\DTO\\\\ContactDTO\\\":4:{s:4:\\\"name\\\";s:8:\\\"Aurelien\\\";s:5:\\\"email\\\";s:18:\\\"aurelien@gmail.com\\\";s:5:\\\"title\\\";s:14:\\\"Discution test\\\";s:7:\\\"message\\\";s:12:\\\"Message test\\\";}}i:3;a:6:{i:0;N;i:1;N;i:2;N;i:3;N;i:4;a:0:{}i:5;a:2:{i:0;O:37:\\\"Symfony\\\\Component\\\\Mime\\\\Header\\\\Headers\\\":2:{s:46:\\\"\\0Symfony\\\\Component\\\\Mime\\\\Header\\\\Headers\\0headers\\\";a:3:{s:2:\\\"to\\\";a:1:{i:0;O:47:\\\"Symfony\\\\Component\\\\Mime\\\\Header\\\\MailboxListHeader\\\":5:{s:50:\\\"\\0Symfony\\\\Component\\\\Mime\\\\Header\\\\AbstractHeader\\0name\\\";s:2:\\\"To\\\";s:56:\\\"\\0Symfony\\\\Component\\\\Mime\\\\Header\\\\AbstractHeader\\0lineLength\\\";i:76;s:50:\\\"\\0Symfony\\\\Component\\\\Mime\\\\Header\\\\AbstractHeader\\0lang\\\";N;s:53:\\\"\\0Symfony\\\\Component\\\\Mime\\\\Header\\\\AbstractHeader\\0charset\\\";s:5:\\\"utf-8\\\";s:58:\\\"\\0Symfony\\\\Component\\\\Mime\\\\Header\\\\MailboxListHeader\\0addresses\\\";a:1:{i:0;O:30:\\\"Symfony\\\\Component\\\\Mime\\\\Address\\\":2:{s:39:\\\"\\0Symfony\\\\Component\\\\Mime\\\\Address\\0address\\\";s:17:\\\"arcadia@gmail.com\\\";s:36:\\\"\\0Symfony\\\\Component\\\\Mime\\\\Address\\0name\\\";s:0:\\\"\\\";}}}}s:4:\\\"from\\\";a:1:{i:0;O:47:\\\"Symfony\\\\Component\\\\Mime\\\\Header\\\\MailboxListHeader\\\":5:{s:50:\\\"\\0Symfony\\\\Component\\\\Mime\\\\Header\\\\AbstractHeader\\0name\\\";s:4:\\\"From\\\";s:56:\\\"\\0Symfony\\\\Component\\\\Mime\\\\Header\\\\AbstractHeader\\0lineLength\\\";i:76;s:50:\\\"\\0Symfony\\\\Component\\\\Mime\\\\Header\\\\AbstractHeader\\0lang\\\";N;s:53:\\\"\\0Symfony\\\\Component\\\\Mime\\\\Header\\\\AbstractHeader\\0charset\\\";s:5:\\\"utf-8\\\";s:58:\\\"\\0Symfony\\\\Component\\\\Mime\\\\Header\\\\MailboxListHeader\\0addresses\\\";a:1:{i:0;O:30:\\\"Symfony\\\\Component\\\\Mime\\\\Address\\\":2:{s:39:\\\"\\0Symfony\\\\Component\\\\Mime\\\\Address\\0address\\\";s:18:\\\"aurelien@gmail.com\\\";s:36:\\\"\\0Symfony\\\\Component\\\\Mime\\\\Address\\0name\\\";s:0:\\\"\\\";}}}}s:7:\\\"subject\\\";a:1:{i:0;O:48:\\\"Symfony\\\\Component\\\\Mime\\\\Header\\\\UnstructuredHeader\\\":5:{s:50:\\\"\\0Symfony\\\\Component\\\\Mime\\\\Header\\\\AbstractHeader\\0name\\\";s:7:\\\"Subject\\\";s:56:\\\"\\0Symfony\\\\Component\\\\Mime\\\\Header\\\\AbstractHeader\\0lineLength\\\";i:76;s:50:\\\"\\0Symfony\\\\Component\\\\Mime\\\\Header\\\\AbstractHeader\\0lang\\\";N;s:53:\\\"\\0Symfony\\\\Component\\\\Mime\\\\Header\\\\AbstractHeader\\0charset\\\";s:5:\\\"utf-8\\\";s:55:\\\"\\0Symfony\\\\Component\\\\Mime\\\\Header\\\\UnstructuredHeader\\0value\\\";s:14:\\\"Discution test\\\";}}}s:49:\\\"\\0Symfony\\\\Component\\\\Mime\\\\Header\\\\Headers\\0lineLength\\\";i:76;}i:1;N;}}i:4;N;}s:61:\\\"\\0Symfony\\\\Component\\\\Mailer\\\\Messenger\\\\SendEmailMessage\\0envelope\\\";N;}}','[]','default','2024-06-12 13:07:02','2024-06-12 13:07:02',NULL),(6,'O:36:\\\"Symfony\\\\Component\\\\Messenger\\\\Envelope\\\":2:{s:44:\\\"\\0Symfony\\\\Component\\\\Messenger\\\\Envelope\\0stamps\\\";a:1:{s:46:\\\"Symfony\\\\Component\\\\Messenger\\\\Stamp\\\\BusNameStamp\\\";a:1:{i:0;O:46:\\\"Symfony\\\\Component\\\\Messenger\\\\Stamp\\\\BusNameStamp\\\":1:{s:55:\\\"\\0Symfony\\\\Component\\\\Messenger\\\\Stamp\\\\BusNameStamp\\0busName\\\";s:21:\\\"messenger.bus.default\\\";}}}s:45:\\\"\\0Symfony\\\\Component\\\\Messenger\\\\Envelope\\0message\\\";O:51:\\\"Symfony\\\\Component\\\\Mailer\\\\Messenger\\\\SendEmailMessage\\\":2:{s:60:\\\"\\0Symfony\\\\Component\\\\Mailer\\\\Messenger\\\\SendEmailMessage\\0message\\\";O:39:\\\"Symfony\\\\Bridge\\\\Twig\\\\Mime\\\\TemplatedEmail\\\":5:{i:0;s:23:\\\"email/contact.html.twig\\\";i:1;N;i:2;a:1:{s:4:\\\"data\\\";O:18:\\\"App\\\\DTO\\\\ContactDTO\\\":4:{s:4:\\\"name\\\";s:8:\\\"Aurelien\\\";s:5:\\\"email\\\";s:18:\\\"aurelien@gmail.com\\\";s:5:\\\"title\\\";s:14:\\\"Discution test\\\";s:7:\\\"message\\\";s:12:\\\"Message test\\\";}}i:3;a:6:{i:0;N;i:1;N;i:2;N;i:3;N;i:4;a:0:{}i:5;a:2:{i:0;O:37:\\\"Symfony\\\\Component\\\\Mime\\\\Header\\\\Headers\\\":2:{s:46:\\\"\\0Symfony\\\\Component\\\\Mime\\\\Header\\\\Headers\\0headers\\\";a:3:{s:2:\\\"to\\\";a:1:{i:0;O:47:\\\"Symfony\\\\Component\\\\Mime\\\\Header\\\\MailboxListHeader\\\":5:{s:50:\\\"\\0Symfony\\\\Component\\\\Mime\\\\Header\\\\AbstractHeader\\0name\\\";s:2:\\\"To\\\";s:56:\\\"\\0Symfony\\\\Component\\\\Mime\\\\Header\\\\AbstractHeader\\0lineLength\\\";i:76;s:50:\\\"\\0Symfony\\\\Component\\\\Mime\\\\Header\\\\AbstractHeader\\0lang\\\";N;s:53:\\\"\\0Symfony\\\\Component\\\\Mime\\\\Header\\\\AbstractHeader\\0charset\\\";s:5:\\\"utf-8\\\";s:58:\\\"\\0Symfony\\\\Component\\\\Mime\\\\Header\\\\MailboxListHeader\\0addresses\\\";a:1:{i:0;O:30:\\\"Symfony\\\\Component\\\\Mime\\\\Address\\\":2:{s:39:\\\"\\0Symfony\\\\Component\\\\Mime\\\\Address\\0address\\\";s:16:\\\"arcadia@mail.com\\\";s:36:\\\"\\0Symfony\\\\Component\\\\Mime\\\\Address\\0name\\\";s:0:\\\"\\\";}}}}s:4:\\\"from\\\";a:1:{i:0;O:47:\\\"Symfony\\\\Component\\\\Mime\\\\Header\\\\MailboxListHeader\\\":5:{s:50:\\\"\\0Symfony\\\\Component\\\\Mime\\\\Header\\\\AbstractHeader\\0name\\\";s:4:\\\"From\\\";s:56:\\\"\\0Symfony\\\\Component\\\\Mime\\\\Header\\\\AbstractHeader\\0lineLength\\\";i:76;s:50:\\\"\\0Symfony\\\\Component\\\\Mime\\\\Header\\\\AbstractHeader\\0lang\\\";N;s:53:\\\"\\0Symfony\\\\Component\\\\Mime\\\\Header\\\\AbstractHeader\\0charset\\\";s:5:\\\"utf-8\\\";s:58:\\\"\\0Symfony\\\\Component\\\\Mime\\\\Header\\\\MailboxListHeader\\0addresses\\\";a:1:{i:0;O:30:\\\"Symfony\\\\Component\\\\Mime\\\\Address\\\":2:{s:39:\\\"\\0Symfony\\\\Component\\\\Mime\\\\Address\\0address\\\";s:18:\\\"aurelien@gmail.com\\\";s:36:\\\"\\0Symfony\\\\Component\\\\Mime\\\\Address\\0name\\\";s:0:\\\"\\\";}}}}s:7:\\\"subject\\\";a:1:{i:0;O:48:\\\"Symfony\\\\Component\\\\Mime\\\\Header\\\\UnstructuredHeader\\\":5:{s:50:\\\"\\0Symfony\\\\Component\\\\Mime\\\\Header\\\\AbstractHeader\\0name\\\";s:7:\\\"Subject\\\";s:56:\\\"\\0Symfony\\\\Component\\\\Mime\\\\Header\\\\AbstractHeader\\0lineLength\\\";i:76;s:50:\\\"\\0Symfony\\\\Component\\\\Mime\\\\Header\\\\AbstractHeader\\0lang\\\";N;s:53:\\\"\\0Symfony\\\\Component\\\\Mime\\\\Header\\\\AbstractHeader\\0charset\\\";s:5:\\\"utf-8\\\";s:55:\\\"\\0Symfony\\\\Component\\\\Mime\\\\Header\\\\UnstructuredHeader\\0value\\\";s:14:\\\"Discution test\\\";}}}s:49:\\\"\\0Symfony\\\\Component\\\\Mime\\\\Header\\\\Headers\\0lineLength\\\";i:76;}i:1;N;}}i:4;N;}s:61:\\\"\\0Symfony\\\\Component\\\\Mailer\\\\Messenger\\\\SendEmailMessage\\0envelope\\\";N;}}','[]','default','2024-06-12 13:08:19','2024-06-12 13:08:19',NULL),(7,'O:36:\\\"Symfony\\\\Component\\\\Messenger\\\\Envelope\\\":2:{s:44:\\\"\\0Symfony\\\\Component\\\\Messenger\\\\Envelope\\0stamps\\\";a:1:{s:46:\\\"Symfony\\\\Component\\\\Messenger\\\\Stamp\\\\BusNameStamp\\\";a:1:{i:0;O:46:\\\"Symfony\\\\Component\\\\Messenger\\\\Stamp\\\\BusNameStamp\\\":1:{s:55:\\\"\\0Symfony\\\\Component\\\\Messenger\\\\Stamp\\\\BusNameStamp\\0busName\\\";s:21:\\\"messenger.bus.default\\\";}}}s:45:\\\"\\0Symfony\\\\Component\\\\Messenger\\\\Envelope\\0message\\\";O:51:\\\"Symfony\\\\Component\\\\Mailer\\\\Messenger\\\\SendEmailMessage\\\":2:{s:60:\\\"\\0Symfony\\\\Component\\\\Mailer\\\\Messenger\\\\SendEmailMessage\\0message\\\";O:39:\\\"Symfony\\\\Bridge\\\\Twig\\\\Mime\\\\TemplatedEmail\\\":5:{i:0;s:23:\\\"email/contact.html.twig\\\";i:1;N;i:2;a:1:{s:4:\\\"data\\\";O:18:\\\"App\\\\DTO\\\\ContactDTO\\\":4:{s:4:\\\"name\\\";s:15:\\\"aurelien vezine\\\";s:5:\\\"email\\\";s:30:\\\"mrvezineaureliendu89@gmail.com\\\";s:5:\\\"title\\\";s:13:\\\"test du titre\\\";s:7:\\\"message\\\";s:15:\\\"test du message\\\";}}i:3;a:6:{i:0;N;i:1;N;i:2;N;i:3;N;i:4;a:0:{}i:5;a:2:{i:0;O:37:\\\"Symfony\\\\Component\\\\Mime\\\\Header\\\\Headers\\\":2:{s:46:\\\"\\0Symfony\\\\Component\\\\Mime\\\\Header\\\\Headers\\0headers\\\";a:3:{s:2:\\\"to\\\";a:1:{i:0;O:47:\\\"Symfony\\\\Component\\\\Mime\\\\Header\\\\MailboxListHeader\\\":5:{s:50:\\\"\\0Symfony\\\\Component\\\\Mime\\\\Header\\\\AbstractHeader\\0name\\\";s:2:\\\"To\\\";s:56:\\\"\\0Symfony\\\\Component\\\\Mime\\\\Header\\\\AbstractHeader\\0lineLength\\\";i:76;s:50:\\\"\\0Symfony\\\\Component\\\\Mime\\\\Header\\\\AbstractHeader\\0lang\\\";N;s:53:\\\"\\0Symfony\\\\Component\\\\Mime\\\\Header\\\\AbstractHeader\\0charset\\\";s:5:\\\"utf-8\\\";s:58:\\\"\\0Symfony\\\\Component\\\\Mime\\\\Header\\\\MailboxListHeader\\0addresses\\\";a:1:{i:0;O:30:\\\"Symfony\\\\Component\\\\Mime\\\\Address\\\":2:{s:39:\\\"\\0Symfony\\\\Component\\\\Mime\\\\Address\\0address\\\";s:16:\\\"arcadia@mail.com\\\";s:36:\\\"\\0Symfony\\\\Component\\\\Mime\\\\Address\\0name\\\";s:0:\\\"\\\";}}}}s:4:\\\"from\\\";a:1:{i:0;O:47:\\\"Symfony\\\\Component\\\\Mime\\\\Header\\\\MailboxListHeader\\\":5:{s:50:\\\"\\0Symfony\\\\Component\\\\Mime\\\\Header\\\\AbstractHeader\\0name\\\";s:4:\\\"From\\\";s:56:\\\"\\0Symfony\\\\Component\\\\Mime\\\\Header\\\\AbstractHeader\\0lineLength\\\";i:76;s:50:\\\"\\0Symfony\\\\Component\\\\Mime\\\\Header\\\\AbstractHeader\\0lang\\\";N;s:53:\\\"\\0Symfony\\\\Component\\\\Mime\\\\Header\\\\AbstractHeader\\0charset\\\";s:5:\\\"utf-8\\\";s:58:\\\"\\0Symfony\\\\Component\\\\Mime\\\\Header\\\\MailboxListHeader\\0addresses\\\";a:1:{i:0;O:30:\\\"Symfony\\\\Component\\\\Mime\\\\Address\\\":2:{s:39:\\\"\\0Symfony\\\\Component\\\\Mime\\\\Address\\0address\\\";s:30:\\\"mrvezineaureliendu89@gmail.com\\\";s:36:\\\"\\0Symfony\\\\Component\\\\Mime\\\\Address\\0name\\\";s:0:\\\"\\\";}}}}s:7:\\\"subject\\\";a:1:{i:0;O:48:\\\"Symfony\\\\Component\\\\Mime\\\\Header\\\\UnstructuredHeader\\\":5:{s:50:\\\"\\0Symfony\\\\Component\\\\Mime\\\\Header\\\\AbstractHeader\\0name\\\";s:7:\\\"Subject\\\";s:56:\\\"\\0Symfony\\\\Component\\\\Mime\\\\Header\\\\AbstractHeader\\0lineLength\\\";i:76;s:50:\\\"\\0Symfony\\\\Component\\\\Mime\\\\Header\\\\AbstractHeader\\0lang\\\";N;s:53:\\\"\\0Symfony\\\\Component\\\\Mime\\\\Header\\\\AbstractHeader\\0charset\\\";s:5:\\\"utf-8\\\";s:55:\\\"\\0Symfony\\\\Component\\\\Mime\\\\Header\\\\UnstructuredHeader\\0value\\\";s:13:\\\"test du titre\\\";}}}s:49:\\\"\\0Symfony\\\\Component\\\\Mime\\\\Header\\\\Headers\\0lineLength\\\";i:76;}i:1;N;}}i:4;N;}s:61:\\\"\\0Symfony\\\\Component\\\\Mailer\\\\Messenger\\\\SendEmailMessage\\0envelope\\\";N;}}','[]','default','2024-06-12 13:12:31','2024-06-12 13:12:31',NULL),(8,'O:36:\\\"Symfony\\\\Component\\\\Messenger\\\\Envelope\\\":2:{s:44:\\\"\\0Symfony\\\\Component\\\\Messenger\\\\Envelope\\0stamps\\\";a:1:{s:46:\\\"Symfony\\\\Component\\\\Messenger\\\\Stamp\\\\BusNameStamp\\\";a:1:{i:0;O:46:\\\"Symfony\\\\Component\\\\Messenger\\\\Stamp\\\\BusNameStamp\\\":1:{s:55:\\\"\\0Symfony\\\\Component\\\\Messenger\\\\Stamp\\\\BusNameStamp\\0busName\\\";s:21:\\\"messenger.bus.default\\\";}}}s:45:\\\"\\0Symfony\\\\Component\\\\Messenger\\\\Envelope\\0message\\\";O:51:\\\"Symfony\\\\Component\\\\Mailer\\\\Messenger\\\\SendEmailMessage\\\":2:{s:60:\\\"\\0Symfony\\\\Component\\\\Mailer\\\\Messenger\\\\SendEmailMessage\\0message\\\";O:39:\\\"Symfony\\\\Bridge\\\\Twig\\\\Mime\\\\TemplatedEmail\\\":5:{i:0;s:23:\\\"email/contact.html.twig\\\";i:1;N;i:2;a:1:{s:4:\\\"data\\\";O:18:\\\"App\\\\DTO\\\\ContactDTO\\\":4:{s:4:\\\"name\\\";s:15:\\\"aurelien vezine\\\";s:5:\\\"email\\\";s:30:\\\"mrvezineaureliendu89@gmail.com\\\";s:5:\\\"title\\\";s:13:\\\"test du titre\\\";s:7:\\\"message\\\";s:15:\\\"test du message\\\";}}i:3;a:6:{i:0;N;i:1;N;i:2;N;i:3;N;i:4;a:0:{}i:5;a:2:{i:0;O:37:\\\"Symfony\\\\Component\\\\Mime\\\\Header\\\\Headers\\\":2:{s:46:\\\"\\0Symfony\\\\Component\\\\Mime\\\\Header\\\\Headers\\0headers\\\";a:3:{s:2:\\\"to\\\";a:1:{i:0;O:47:\\\"Symfony\\\\Component\\\\Mime\\\\Header\\\\MailboxListHeader\\\":5:{s:50:\\\"\\0Symfony\\\\Component\\\\Mime\\\\Header\\\\AbstractHeader\\0name\\\";s:2:\\\"To\\\";s:56:\\\"\\0Symfony\\\\Component\\\\Mime\\\\Header\\\\AbstractHeader\\0lineLength\\\";i:76;s:50:\\\"\\0Symfony\\\\Component\\\\Mime\\\\Header\\\\AbstractHeader\\0lang\\\";N;s:53:\\\"\\0Symfony\\\\Component\\\\Mime\\\\Header\\\\AbstractHeader\\0charset\\\";s:5:\\\"utf-8\\\";s:58:\\\"\\0Symfony\\\\Component\\\\Mime\\\\Header\\\\MailboxListHeader\\0addresses\\\";a:1:{i:0;O:30:\\\"Symfony\\\\Component\\\\Mime\\\\Address\\\":2:{s:39:\\\"\\0Symfony\\\\Component\\\\Mime\\\\Address\\0address\\\";s:16:\\\"arcadia@mail.com\\\";s:36:\\\"\\0Symfony\\\\Component\\\\Mime\\\\Address\\0name\\\";s:0:\\\"\\\";}}}}s:4:\\\"from\\\";a:1:{i:0;O:47:\\\"Symfony\\\\Component\\\\Mime\\\\Header\\\\MailboxListHeader\\\":5:{s:50:\\\"\\0Symfony\\\\Component\\\\Mime\\\\Header\\\\AbstractHeader\\0name\\\";s:4:\\\"From\\\";s:56:\\\"\\0Symfony\\\\Component\\\\Mime\\\\Header\\\\AbstractHeader\\0lineLength\\\";i:76;s:50:\\\"\\0Symfony\\\\Component\\\\Mime\\\\Header\\\\AbstractHeader\\0lang\\\";N;s:53:\\\"\\0Symfony\\\\Component\\\\Mime\\\\Header\\\\AbstractHeader\\0charset\\\";s:5:\\\"utf-8\\\";s:58:\\\"\\0Symfony\\\\Component\\\\Mime\\\\Header\\\\MailboxListHeader\\0addresses\\\";a:1:{i:0;O:30:\\\"Symfony\\\\Component\\\\Mime\\\\Address\\\":2:{s:39:\\\"\\0Symfony\\\\Component\\\\Mime\\\\Address\\0address\\\";s:30:\\\"mrvezineaureliendu89@gmail.com\\\";s:36:\\\"\\0Symfony\\\\Component\\\\Mime\\\\Address\\0name\\\";s:0:\\\"\\\";}}}}s:7:\\\"subject\\\";a:1:{i:0;O:48:\\\"Symfony\\\\Component\\\\Mime\\\\Header\\\\UnstructuredHeader\\\":5:{s:50:\\\"\\0Symfony\\\\Component\\\\Mime\\\\Header\\\\AbstractHeader\\0name\\\";s:7:\\\"Subject\\\";s:56:\\\"\\0Symfony\\\\Component\\\\Mime\\\\Header\\\\AbstractHeader\\0lineLength\\\";i:76;s:50:\\\"\\0Symfony\\\\Component\\\\Mime\\\\Header\\\\AbstractHeader\\0lang\\\";N;s:53:\\\"\\0Symfony\\\\Component\\\\Mime\\\\Header\\\\AbstractHeader\\0charset\\\";s:5:\\\"utf-8\\\";s:55:\\\"\\0Symfony\\\\Component\\\\Mime\\\\Header\\\\UnstructuredHeader\\0value\\\";s:13:\\\"test du titre\\\";}}}s:49:\\\"\\0Symfony\\\\Component\\\\Mime\\\\Header\\\\Headers\\0lineLength\\\";i:76;}i:1;N;}}i:4;N;}s:61:\\\"\\0Symfony\\\\Component\\\\Mailer\\\\Messenger\\\\SendEmailMessage\\0envelope\\\";N;}}','[]','default','2024-06-12 13:15:12','2024-06-12 13:15:12',NULL);
/*!40000 ALTER TABLE `messenger_messages` ENABLE KEYS */;
UNLOCK TABLES;

--
-- Table structure for table `race`
--

DROP TABLE IF EXISTS `race`;
/*!40101 SET @saved_cs_client     = @@character_set_client */;
/*!50503 SET character_set_client = utf8mb4 */;
CREATE TABLE `race` (
  `id` int NOT NULL AUTO_INCREMENT,
  `label` varchar(50) CHARACTER SET utf8mb4 COLLATE utf8mb4_unicode_ci NOT NULL,
  PRIMARY KEY (`id`)
) ENGINE=InnoDB AUTO_INCREMENT=24 DEFAULT CHARSET=utf8mb4 COLLATE=utf8mb4_unicode_ci;
/*!40101 SET character_set_client = @saved_cs_client */;

--
-- Dumping data for table `race`
--

LOCK TABLES `race` WRITE;
/*!40000 ALTER TABLE `race` DISABLE KEYS */;
INSERT INTO `race` VALUES (7,'zèbre des plaines'),(8,'Alligatoridae'),(9,'Le loup gris'),(10,'Lion d\'asie'),(11,'Toucan'),(12,'Léopards'),(13,'Archispirostreptus gigas'),(14,'Craugastoridae'),(15,'Gorille de l\'Ouest'),(16,'alba'),(17,'rongeur'),(18,'Phoenicopteridae'),(19,'Ciconiidae'),(20,'Giraffidés'),(21,'éléphantidés'),(22,'Crocuta crocuta');
/*!40000 ALTER TABLE `race` ENABLE KEYS */;
UNLOCK TABLES;

--
-- Table structure for table `rapport_veterinaire`
--

DROP TABLE IF EXISTS `rapport_veterinaire`;
/*!40101 SET @saved_cs_client     = @@character_set_client */;
/*!50503 SET character_set_client = utf8mb4 */;
CREATE TABLE `rapport_veterinaire` (
  `id` int NOT NULL AUTO_INCREMENT,
  `date` date NOT NULL,
  `detail` varchar(1000) COLLATE utf8mb4_unicode_ci DEFAULT NULL,
  `animal_id` int NOT NULL,
  `foodoffered` varchar(50) CHARACTER SET utf8mb4 COLLATE utf8mb4_unicode_ci NOT NULL,
  `foodquantity` varchar(10) CHARACTER SET utf8mb4 COLLATE utf8mb4_unicode_ci NOT NULL,
  `conditiondetails` varchar(50) CHARACTER SET utf8mb4 COLLATE utf8mb4_unicode_ci NOT NULL,
  `user_id` int DEFAULT NULL,
  PRIMARY KEY (`id`),
  KEY `IDX_CE729CDE8E962C16` (`animal_id`),
  KEY `IDX_CE729CDEA76ED395` (`user_id`),
  CONSTRAINT `FK_CE729CDE8E962C16` FOREIGN KEY (`animal_id`) REFERENCES `animal` (`id`),
  CONSTRAINT `FK_CE729CDEA76ED395` FOREIGN KEY (`user_id`) REFERENCES `user` (`id`)
) ENGINE=InnoDB AUTO_INCREMENT=14 DEFAULT CHARSET=utf8mb4 COLLATE=utf8mb4_unicode_ci;
/*!40101 SET character_set_client = @saved_cs_client */;

--
-- Dumping data for table `rapport_veterinaire`
--

LOCK TABLES `rapport_veterinaire` WRITE;
/*!40000 ALTER TABLE `rapport_veterinaire` DISABLE KEYS */;
INSERT INTO `rapport_veterinaire` VALUES (11,'2024-07-05','En super forme',10,'Carcasses de vache','1000kg','Rien a dire tout va bien',53),(12,'2024-07-06','Malade',9,'viande haché','1kg','pas en form le pepere',53),(13,'2024-07-06','Malade',10,'Carcasses de vache','1000kg','pas en form le pepere',53);
/*!40000 ALTER TABLE `rapport_veterinaire` ENABLE KEYS */;
UNLOCK TABLES;

--
-- Table structure for table `services`
--

DROP TABLE IF EXISTS `services`;
/*!40101 SET @saved_cs_client     = @@character_set_client */;
/*!50503 SET character_set_client = utf8mb4 */;
CREATE TABLE `services` (
  `id` int NOT NULL AUTO_INCREMENT,
  `nom` varchar(50) CHARACTER SET utf8mb4 COLLATE utf8mb4_unicode_ci NOT NULL,
  `description` varchar(255) COLLATE utf8mb4_unicode_ci NOT NULL,
  `image_name` varchar(255) COLLATE utf8mb4_unicode_ci DEFAULT NULL,
  `created_at` datetime DEFAULT NULL COMMENT '(DC2Type:datetime_immutable)',
  PRIMARY KEY (`id`)
) ENGINE=InnoDB AUTO_INCREMENT=8 DEFAULT CHARSET=utf8mb4 COLLATE=utf8mb4_unicode_ci;
/*!40101 SET character_set_client = @saved_cs_client */;

--
-- Dumping data for table `services`
--

LOCK TABLES `services` WRITE;
/*!40000 ALTER TABLE `services` DISABLE KEYS */;
INSERT INTO `services` VALUES (4,'Visite En Train (Payante)','La visite du zoo Arcadia en train permet de découvrir les différents habitats de manière confortable et panoramique. Ce trajet pittoresque offre des vues imprenables sur les animaux et leur environnement.','trainvisite-6683baf3d48ba673883931.jpg','2024-07-02 08:31:00'),(5,'Visite Guidée (Gratuit)','La visite guidée au zoo Arcadia offre une immersion enrichissante, où des experts partagent des informations fascinantes sur les animaux et leurs comportements. Les guides fournissent des anecdotes, enrichissant l\'expérience.','visite-guidee-6683bb164a1fa192790196.jpg','2024-07-02 08:32:00'),(6,'Restauration','Le restaurant du zoo Arcadia offre une vue panoramique sur les habitats environnants. Il propose une variété de plats locaux et internationaux, adaptés à tous les âges et préférences alimentaires. Les visiteurs peuvent se détendre et savourer leur repas','resto-serengeti-6683bb3c7c813151930259.jpg','2024-07-02 08:33:00');
/*!40000 ALTER TABLE `services` ENABLE KEYS */;
UNLOCK TABLES;

--
-- Table structure for table `user`
--

DROP TABLE IF EXISTS `user`;
/*!40101 SET @saved_cs_client     = @@character_set_client */;
/*!50503 SET character_set_client = utf8mb4 */;
CREATE TABLE `user` (
  `id` int NOT NULL AUTO_INCREMENT,
  `email` varchar(180) COLLATE utf8mb4_unicode_ci NOT NULL,
  `roles` json NOT NULL,
  `password` varchar(255) CHARACTER SET utf8mb4 COLLATE utf8mb4_unicode_ci NOT NULL,
  `lastname` varchar(50) COLLATE utf8mb4_unicode_ci NOT NULL,
  `firstname` varchar(50) COLLATE utf8mb4_unicode_ci NOT NULL,
  PRIMARY KEY (`id`),
  UNIQUE KEY `UNIQ_IDENTIFIER_EMAIL` (`email`)
) ENGINE=InnoDB AUTO_INCREMENT=54 DEFAULT CHARSET=utf8mb4 COLLATE=utf8mb4_unicode_ci;
/*!40101 SET character_set_client = @saved_cs_client */;

--
-- Dumping data for table `user`
--

LOCK TABLES `user` WRITE;
/*!40000 ALTER TABLE `user` DISABLE KEYS */;
INSERT INTO `user` VALUES (22,'laetitia.leclerc@dijoux.com','[\"ROLE_EMPLOYER\"]','$2y$13$pLISxtrIJKQ1sR.fBtEUduzR13m3OByW9sJJvZ8WZ8ULPShzr7ZBq','Gilbert','Daniel'),(23,'joly.olivie@gmail.com','[\"ROLE_EMPLOYER\"]','$2y$13$klaHQ7dz3viTMspwLLT6/uuykVoD9ixFbMur07Z84Z56GkUrw.QsS','Boutin','Nicolas'),(24,'ledoux.simone@remy.fr','[\"ROLE_EMPLOYER\"]','$2y$13$CuM4MVcBGrjopUiZm0nKxOkBaOYYzTglUVhdrOFoVPj5KSVgQztwS','Fontaine','Honoré'),(25,'lemonnier.remy@georges.net','[\"ROLE_EMPLOYER\"]','$2y$13$sENz/wp8xvdYpf8Nvgc1kOLhT5vL7VTlr/SX9tt398qGstJ/X4F5m','Pruvost','Adèle'),(26,'marcel47@fontaine.com','[\"ROLE_EMPLOYER\"]','$2y$13$ZNXUBZKlR0MHlYnymxhLF.KCR8ja5O1EmZTF6ULXEX5uwoIpX4Kt6','Ledoux','Raymond'),(27,'barthelemy.auguste@gmail.com','[\"ROLE_EMPLOYER\"]','$2y$13$/sRZSibZJx7kPF4pzcilpOyC7WuFJD.IDdBC9j/wZkslwqFpLhzBy','Grondin','Véronique'),(28,'maryse.godard@tele2.fr','[\"ROLE_EMPLOYER\"]','$2y$13$t3Lp4KVEMFVzelcCJTPvZOtHsP5YojdKFrM9s5hcAQ9xRj82nbNem','Albert','Claudine'),(29,'muller.thomas@sfr.fr','[\"ROLE_EMPLOYER\"]','$2y$13$DFeL/SnjQvIMyUFcYBQ6yORvQ.sZaIEWCwCc2oyet6lDy4sXFCIAS','Ruiz','Catherine'),(30,'simon.henri@sfr.fr','[\"ROLE_EMPLOYER\"]','$2y$13$q77BTdybodVousGFudwqE..3QVnlUninNu8U1lCyddKkf.NqFt7oO','Gosselin','Paul'),(31,'arthur.henry@tessier.com','[\"ROLE_EMPLOYER\"]','$2y$13$glOORDPYPykAC8PBGnCL4.2wZEzAIKdc6SUo0kXgDPZD4jWC4HWpC','Lefevre','Aurélie'),(32,'olivie55@carpentier.com','[\"ROLE_EMPLOYER\"]','$2y$13$AOiH0iQCILr89oxkuu8.8uvrI8aaSmJyfyHHOIhIJIDkcWnMX4Y6G','Benard','Frédérique'),(33,'isaac22@fischer.org','[\"ROLE_EMPLOYER\"]','$2y$13$M5ebC/VrA/72s0GienH7p.T2C9UReJdxJkb7xSE0OPx63qlsSqtge','Gomez','Jules'),(34,'laurent.lesage@wanadoo.fr','[\"ROLE_EMPLOYER\"]','$2y$13$nWrV0gOOdqLA7yQmDq.KdeeIeHgaSMdD4QiCOaLLNheOrCK34EnAO','Brun','François'),(35,'bertrand.blin@bousquet.org','[\"ROLE_EMPLOYER\"]','$2y$13$AQylx1mm.lSfYX80hk6EcudiZF2bo0syAzCQyCGL01iu7NZRyOTUu','Guyot','Valentine'),(36,'marcelle09@vasseur.fr','[\"ROLE_EMPLOYER\"]','$2y$13$tAm3ZwaJL/u88fVb9f3BdOCyc2PI5rgIZEaf0oTaML49XWeRdSPFi','Jean','Édith'),(37,'gdupre@collin.com','[\"ROLE_EMPLOYER\"]','$2y$13$A0L1lhgU9hwOtKhVd9a01.x6WXySkDIiOwEBcRxYPmT6mm7lS0wgW','Munoz','Clémence'),(38,'roger.henri@tanguy.com','[\"ROLE_EMPLOYER\"]','$2y$13$zGnm4KT9heR2bAOn3WemQOYnsUg7zTa3yg0GHrTUteG2Ga2uOJcju','Lemaire','Lucy'),(39,'charlotte83@laposte.net','[\"ROLE_EMPLOYER\"]','$2y$13$s/yctyRw9LqxfinWBfmsXO96L1axYd4NkFsaDT/mxP9kIHPcmckGq','Lemaitre','Madeleine'),(40,'marc.barthelemy@free.fr','[\"ROLE_EMPLOYER\"]','$2y$13$B/Vdn0HfTEjY8QMxAmVqMexn7krDkgRVvpOuBjZVwQfvzWN4qDaF6','Rossi','Lorraine'),(53,'arcadia@mail.com','[\"ROLE_ADMIN\"]','$2y$13$SkifGOrM3bTdaS9jMTAX3Oif/Z.rRpyFxzMyF/VlNkI6/MyDPwKxK','Arcadia','José');
/*!40000 ALTER TABLE `user` ENABLE KEYS */;
UNLOCK TABLES;
/*!40103 SET TIME_ZONE=@OLD_TIME_ZONE */;

/*!40101 SET SQL_MODE=@OLD_SQL_MODE */;
/*!40014 SET FOREIGN_KEY_CHECKS=@OLD_FOREIGN_KEY_CHECKS */;
/*!40014 SET UNIQUE_CHECKS=@OLD_UNIQUE_CHECKS */;
/*!40101 SET CHARACTER_SET_CLIENT=@OLD_CHARACTER_SET_CLIENT */;
/*!40101 SET CHARACTER_SET_RESULTS=@OLD_CHARACTER_SET_RESULTS */;
/*!40101 SET COLLATION_CONNECTION=@OLD_COLLATION_CONNECTION */;
/*!40111 SET SQL_NOTES=@OLD_SQL_NOTES */;

-- Dump completed on 2024-07-22 16:59:05
